单品名称,冰雪之歌,夜行骑士
炸不完的气球,151,54
宝宝真火装,144,58
月灵之翼,141,118
银辉之翼,141,102
新年兔子炫光,132,120
DJ音响,128,107
兔年新春服(女),128,109
圣雪臻品炫光,128,57
日月同辉,128,127
晓色圣翼,128,102
节奏电音炫光,128,104
缘定三生服饰,125,57
野火燎原,125,?
全息投影炫光,123,?
凤凰于飞炫光,123,58
吸血鬼服饰,123,?
宝宝法老装,123,59
弹幕达人背饰,123,104
流行天后装,123,61
瀚海霓裳服饰(男),123,104
玫瑰花蕊之翼,123,56
海之灵服饰(女),122,106
星舰统帅服饰(男),121,?
记忆中的竹蜻蜓,121,49
探索之心背饰,118,?
星舰统帅服饰(女),110,115
流金之沙炫光,110,115
誓约之心背饰,110,115
水晶之翼,109,?
V8财气炫光,108,56
动感喵喵炫光,108,78
赏金猎人服饰(女),108,?
油灯背饰,107,114
瀚海霓裳服饰(女),107,114
星际航行面饰,104,?
枪弹起舞炫光,104,?
油灯头饰,104,85
迷幻星空炫光,104,?
青金八翼,104,110
金兔限定套装(女),103,112
金兔限定套装(男),103,101
兔年新春服(男),102,120
宝宝墨色喷漆,102,48
玉狐假面,102,75
新年大翅膀背饰,101,109
暗夜玫瑰雪色喷漆,101,53
转轮机枪背饰,101,109
金冠炫光,101,112
黛丝雪色喷漆,101,53
S23车王炫光,100,67
S6车王炫光,100,57
不倒翁宝宝头饰,100,57
六出冰花背饰,100,60
好运女神背饰,100,62
宝宝雨衣装,100,61
小电视头盔,100,52
弦月气球,100,47
炽天使之翼,100,60
瑶草琪花背饰,100,88
稍等片刻炫光,100,64
蒸汽朋克炫光,100,123
雷神之锤(手持),100,48
魔法精灵气球,100,48
宝宝圣诞装,99,?
宝宝小天使装,99,62
星舰统帅发型(男),99,?
蒸汽动力背饰,99,104
冰淇淋圣代头饰,98,78
晶心云水翼,98,101
机械之灵装,98,96
DJ舞台炫光,97,107
沙漠绿洲炫光,97,?
赏金猎人服饰(男),97,103
兔兔耳朵头饰,96,68
机械之心装,96,107
瀚海霓裳发型(男),96,104
蜜蜂小姐帽子,96,48
2023背饰,95,58
出错的婚纱,95,41
晶心罗兰翼,95,109
海月服(女),95,59
银辉之梦服饰,95,118
冰轮炫光,94,110
暮光圣翼,94,?
宝宝蝙蝠装,93,65
深海鲨鱼套装,93,42
福虎迎春服(男),93,47
2023炫光,92,50
仲夏星芒炫光,92,110
月轮炫光,92,41
源力机甲炫光,92,47
野性动力炫光,92,49
1000天炫光,91,47
CP联赛黄金炫光,91,?
L1气球,91,46
N标志头饰,91,45
兔兔元宵背饰,91,56
兔子小姐服饰,91,44
宝宝乐园装,91,61
宝宝女仆装,91,?
少女海魂衫,91,41
弧月头饰,91,35
心动萌兔套装-女服装,91,60
招财进宝装,91,48
星星宝贝短裙,91,48
未来蓝电套装,91,59
极地毛线帽(女),91,33
沙漠雄鹰翅膀,91,96
燃擎之源背饰,91,50
燃擎乐园炫光,91,49
燃擎源力战服(女),91,50
牛魔王发型,91,52
盛装罗密欧服饰,91,99
绮梦朱丽叶服饰,91,118
罗刹女发型,91,63
翼龙翅膀,91,42
虎虎生威炫光,91,49
颜值+1头饰,91,35
飞龙刀背饰,91,41
魅力四射炫光,91,62
奇趣麋鹿裙(女),90,50
宇宙黑洞炫光,90,99
月灵之光服饰,90,99
海之守护炫光,90,95
猎人气球,90,70
领航员头饰,90,?
鸭鸭服饰,90,48
宝宝导游装,89,?
10000个气球,88,32
24K潜水镜,88,49
一箭钟情头饰,88,35
不倒翁宝宝气球,88,56
半翼白天使,88,42
半翼黑天使,88,44
合金兔耳头饰,88,48
命运蔷薇杖,88,76
国王的王冠,88,34
天行者套装,88,42
好感+1头饰,88,32
好运来炫光,88,43
宇宙球灯头饰,88,72
宝宝冰晶装,88,61
宝宝啦啦队装,88,63
宝宝未来战士装,88,57
宝宝甜点装,88,60
宝宝裁判装,88,65
小丑面饰,88,32
小魔女服饰,88,42
少女猫装,88,48
招财进宝头饰,88,32
极致棉花糖气球,88,64
治愈炫光,88,45
海之守护背饰,88,114
海之灵服饰(男),88,95
烤肉炫光,88,45
特邀歌手服装,88,47
王者之冠,88,52
甜甜圈面饰,88,36
疯狂音乐炫光,88,?
百果蓝丝绒女发,88,59
禁止超越装,88,42
红锦鲤头饰,88,84
虎绣衣(女),88,44
虎绣衣(男),88,43
超能少年发型(男),88,64
足球炫光,88,50
金牛纳福装(女),88,43
金牛纳福装(男),88,44
铜翼炫彩石气球,88,38
鲁道夫的红鼻头,88,32
鸿运当头头饰,88,34
鼠鼠生威装,88,43
人鱼的尾裙,87,42
好好学习气球,87,36
宝宝航海装,87,?
宝宝贵族西装,87,59
经典婚纱,87,41
七色幻化葫芦背包,86,87
心月狐锦裙,86,82
战神之刃,86,39
木乃伊女装,86,?
狼外婆的软帽,86,38
超能背饰,86,82
动感喵喵包,85,101
南瓜精灵头饰,85,36
古龙铠甲(女),85,?
古龙铠甲(男),85,90
瀚海霓裳发型(女),85,91
电波兔手杖,85,33
绀青蝶翼,85,101
舞后背饰,85,82
魔渊炫光,85,90
龙之翼,85,101
万里挑一头饰,84,36
像素世界眼镜,84,39
兔兔糖葫芦,84,90
六尾背饰,84,90
刀螂战服(女),84,?
危险侍女发型,84,41
四叶草发箍,84,38
奇异章鱼头套(男),84,50
宝宝红帽装,84,?
幽灵南瓜炫光,84,90
心月狐锦袍,84,93
悲鸣结晶炫光,84,101
燃擎之源头盔,84,39
狂欢派对礼服,84,93
自带WIFI的杆,84,49
葫芦娃面罩,84,51
超能少年服饰(女),84,101
超能炫光,84,101
金兔兔手杖,84,101
黄金蛇炫光,84,90
wkc头盔,83,40
兔年新春发型(女),83,82
兔年新春发型(男),83,93
哈士奇头套,83,40
宝宝贺新年装,83,60
星舰统帅发型(女),83,92
月桂头饰,83,39
柴犬套装,83,78
沙漠盾牌背饰,83,92
海王头饰,83,36
猴王的紧箍,83,40
繁花绽放发箍,83,39
舞蹈天王服饰,83,101
谢谢老板头饰,83,40
超能少年服饰(男),83,90
马戏小丑发型(男),83,40
黄金神面饰,83,32
一朵小花,82,38
一步生花炫光,82,101
冬日圣诞炫光,82,101
埃及神秘翅膀,82,82
宝宝树木装,82,57
放置错误的餐具,82,35
木乃伊男装,82,109
极刃刀翅,82,93
活力沙滩发型(女),82,49
瀚海霓裳面饰,82,90
狂欢派对礼裙,82,82
糖果团子魔杖,82,37
舞蹈天后服饰,82,90
舞蹈氛围炫光,82,101
赏金猎人发型(女),82,?
赛道救援服饰(女),82,46
飞行员太阳镜,82,33
高山滑雪板,82,93
800天气球,81,39
刀螂战服(男),81,93
壕气冲天发饰,81,35
宝宝驯鹿装,81,59
彩色鹦鹉翅膀头饰,81,40
探险者发型,81,36
比翼双飞背饰,81,93
伪装者战服,80,77
机械手持,80,88
甜梦回响装,80,85
电音王子夹克,80,77
DJ麦克风,79,77
奶油戚风舞裙,79,?
推荐页礼盒头饰,79,?
星际来客气球,79,85
机械之灵帽,79,104
琪花玉树炫光,79,88
甜心圣代背饰,79,?
甜梦回声装,79,104
金兔兔面饰,79,93
机械面具,78,104
乖乖兔服饰(女),77,86
乖乖兔服饰(男),77,102
南天竹手持,77,57
彩虹慕斯T恤,77,104
派对之王羽翼,77,104
深渊海底炫光,77,86
火线尖兵炫光,77,104
狂热节拍炫光,77,104
繁花咏叹,77,77
蒸汽手持,77,96
迷幻天后服装,77,88
机械之心帽,76,85
沙漠刺客匕首,76,84
珊瑚礁背饰,76,?
赏金猎人假面,76,85
金萝卜头饰,76,109
什锦蛋糕炫光,75,104
典礼之星手杖,75,80
月光石手杖,75,80
电玩女神服装,75,96
电玩小子服装,75,77
盛装罗密欧发型,75,72
繁花絮语,75,104
冷月碧华眼镜,74,83
十字芒星面饰,74,91
太空喷气背包,74,?
幽灵鬼火背饰,74,70
星河背饰,74,?
绮梦朱丽叶发型,74,91
虎仔背包,74,73
鬼影重重炫光,74,78
小姜丝炫光,73,78
月下蔷薇裙,73,78
纯白玫瑰炫光,73,70
南瓜灯背包,72,97
月灵之光发型,72,72
沙漠刺客面饰,72,78
银辉之梦发型,72,91
一箭心动背饰,71,89
三原色气球,71,76
南瓜派对衣(男),71,70
宝宝护士装,71,43
悟空的锦袍,71,97
炽蔷薇炫光,71,70
赏金猎人发型(男),71,76
CP联赛风沙金炫光,70,?
S25车王炫光,70,?
南瓜派对衣(女),70,?
海之守护头饰,70,96
海之守护气球,70,88
海之灵发型(女),70,80
海之灵发型(男),70,69
火箭模型手持,70,79
CP联赛星云紫金炫光,69,?
怪谭炫光,69,?
托盘背饰,69,67
暗夜玫瑰炫光,69,64
月下猩红衣,69,89
粉红浪漫服饰(男),69,76
紫霞的霞帔,69,81
绯红之翼,69,70
赛车女郎炫光,69,?
雪山炫光,69,70
CP联赛海蓝金炫光,68,70
S23车神炫光,68,69
信息终端背饰,68,70
刀螂战盔(女),68,91
刀螂气球,68,83
古埃及法老冠,68,83
古龙头盔(男),68,64
天水碧纱裙,68,56
宝石誓约礼服,68,65
宝石誓约礼裙,68,84
怦然心动头饰,68,91
清洁炫光,68,70
行星轮组炫光,68,70
追猎者头饰,68,75
S24车神炫光,67,68
心月狐垂髫,67,72
心月狐钿花,67,91
极地湖心炫光,67,70
等离子激荡炫光,67,68
绿洲炫光,67,68
罗刹女战衣,67,84
舞王气球,67,72
舞蹈天后发型,67,64
S24车王炫光,66,66
S25车神炫光,66,?
一见倾心服饰(女),66,65
宇宙能源炫光,66,67
宝宝拾荒者装,66,?
星际警灯炫光,66,66
狂欢派对之花,66,91
绿岩炫光,66,75
花月锦年礼服(男),66,76
赤狐气球,66,75
超能气球,66,83
阿特机械臂背装,66,68
CP联赛喜庆金炫光,65,70
CP联赛耀辉金炫光,65,61
S15车王炫光,65,64
S15车神炫光,65,61
S16车神炫光,65,65
S18车王炫光,65,65
S19车神炫光,65,64
S22车神炫光,65,63
储能背饰,65,63
助推背饰,65,63
古龙头盔(女),65,83
埃及神秘头饰,65,75
埃及神秘气球,65,64
天之蕉子炫光,65,64
智能投影炫光,65,63
欢乐氛围炫光,65,64
热血雄心战服,65,62
猩红魅影炫光,65,61
祥龙在天炫光,65,61
舞蹈天王发型,65,75
蛙蛙荷塘炫光,65,62
辉煌装饰炫光,65,63
骑士护卫背饰,65,64
黑晶伞,65,65
龙之怒气球,65,83
CP联赛冰紫金炫光,64,?
CP联赛冰金炫光,64,61
CP联赛墨紫金炫光,64,61
CP联赛碧玉金炫光,64,65
CP联赛绯红金炫光,64,65
S17车王炫光,64,63
S22车王炫光,64,64
刀螂战盔(男),64,?
力之束缚炫光,64,65
力场反射炫光,64,65
动心鹿影炫光,64,62
向阳花炫光,64,62
彩虹湖泊炫光,64,62
慵懒狗狗睡衣,64,64
月轮冰鉴背饰,64,?
海神王权杖,64,70
炽焰火,64,?
牛魔王战衣,64,73
索尼克闪电炫光,64,65
缤纷花篮背饰,64,61
花月锦年礼服(女),64,92
超能奖杯,64,75
超能少年发型(女),64,?
金闪闪炫光,64,61
音乐天王装,64,65
DJ少女气球,63,72
S16车王炫光,63,63
S18车神炫光,63,62
乖乖兔发型(女),63,70
乖乖兔发型(男),63,81
冰封雪飘炫光,63,61
利爪炫光,63,65
古埃及王后冠,63,72
古龙头饰,63,64
惺忪猫猫睡衣,63,63
智能系统炫光,63,62
机械炫光,63,61
橙色闪光炫光,63,61
派对之夜气球,63,83
浪漫氛围炫光,63,64
火阵炫光,63,63
狂欢派对之冠,63,72
电玩手柄气球,63,59
电音王子发型,63,86
百果蓝丝绒男发,63,78
祥龙翱翔背饰,63,64
稚气浣熊帽,63,78
防护玻璃面罩,63,65
龙力封印炫光,63,62
CP联赛魅丽金炫光,62,?
CP联赛魅力金炫光,62,?
Jackpot炫光,62,64
S17车神炫光,62,65
S19车王炫光,62,62
S20车王炫光,62,63
S20车神炫光,62,65
S21车王炫光,62,63
S21车神炫光,62,65
倾心鹿冠背饰,62,65
嘟嘟背饰,62,64
如梦泡影面饰,62,70
机械三角龙炫光,62,63
机械三角龙背饰,62,65
机械臂背饰,62,62
清凉炫光,62,64
狱火炫光,62,64
玩偶手杖,62,70
麦克风炫光,62,61
CP联赛薄荷金炫光,61,65
S14车王炫光,61,63
S14车神炫光,61,65
伪装者头套,61,?
大圣的披帛,61,?
奇幻之森臻品炫光,61,64
彩虹云桥,61,63
热烈红宝石之翼,61,62
电玩小子发型,61,86
白槿初绽头饰,61,59
荒野领主背饰,61,63
荷塘月色炫光,61,?
西瓜棒冰头饰,61,67
邪龙翅膀,61,65
钢甲炮弹炫光,61,62
霜天红叶臻品炫光,61,61
4周年炫光,60,?
CP联赛桃金炫光,60,65
CP联赛棕金炫光,60,60
S11车神炫光,60,56
S7车神炫光,60,60
乐园霓虹炫光,60,58
像素高玩眼镜,60,59
冰蓝吐息炫光,60,57
冰轮蓝锦袍,60,60
冰魂玉骨翼,60,60
古埃及套装服(女),60,59
咒言书背饰,60,59
天河落雨炫光,60,59
天蝎座炫光,60,60
太空检测仪背饰,60,59
夹竹桃气球,60,59
奇异章鱼套装(男),60,56
宝宝新春装,60,43
小羊驼炫光,60,59
幻想魔法礼服,60,?
幻想魔法礼裙,60,59
心想事成服饰,60,?
新之助绵羊装,60,59
时之屏障炫光,60,?
映月流光翼,60,58
春日休闲服(女),60,57
春日休闲服(男),60,56
春风化雨炫光,60,57
暗香疏影炫光,60,58
未来机甲之翼,60,58
机械行者背囊,60,58
桃花伞背饰,60,?
梅花扇背饰,60,?
梦幻星球炫光,60,60
比心炫光,60,59
比翼鸟炫光,60,56
沙漠观光套装(男),60,59
流氓兔粉丝套装(女),60,59
海王之翼背饰,60,56
深海之眼炫光,60,?
溜翻天炫光,60,56
烈焰燎原炫光,60,57
电子游侠炫光,60,58
电玩女神发型,60,70
电磁弹射炫光,60,59
电音流光气球,60,67
石油大亨炫光,60,59
神佑之晖炫光,60,?
神秘文明炫光,60,58
繁花之羽,60,60
羽叶金冠,60,78
胸有成竹炫光,60,59
蝴蝶穿花背饰,60,57
贝斯特炫光,60,60
踏春行炫光,60,56
迷幻天后发型,60,67
青丝流云袍,60,58
飞天套装服(男),60,59
飞天彩带背饰,60,59
鸿运当头服饰,60,56
龙骨流金翼,60,60
4周年套装服(男),59,57
CP联赛墨金炫光,59,59
CP联赛紫金炫光,59,60
CP联赛绿金炫光,59,58
CP联赛翠金炫光,59,59
CP联赛蓝金炫光,59,?
DJ眼镜,59,56
S12车神炫光,59,57
S7车王炫光,59,58
S8车神炫光,59,60
S9车王炫光,59,57
动力拳套背饰,59,57
南瓜假面[翅膀],59,35?
喜气连连服饰,59,60
夜色迷离炫光,59,58
太空研究员服(男),59,57
太阳神气球,59,58
守望者之翼,59,56
希望之星面饰,59,58
库伢红色喷漆,59,?
意气风发服饰,59,?
月下蔷薇发型,59,57
极度深海炫光,59,58
比翼双飞炫光,59,57
比翼鸟背饰,59,56
沙漠旅者服饰(女),59,57
流氓兔背包,59,57
海王炫光,59,56
滑雪手杖,59,84
火焰南瓜灯,59,84
热核引擎炫光,59,56
焰翎背饰,59,57
碧花锦翼背饰,59,?
粉红水晶之翼,59,59
素月裙,59,58
紫霞的凤冠,59,65
纸牌卫士服饰(男),59,57
羽叶华冠,59,86
艾莉雅橙色喷漆,59,?
蜜蜂先生服饰,59,?
赤金疾影战服,59,?
车轮滚滚炫光,59,?
迪拜王族炫光,59,60
迷璘夜翼,59,58
金色玫瑰手持,59,68
驯鹿飞驰炫光,59,?
黄沙炫光,59,57
黄金天马羽翼,59,60
CP联赛赤金炫光,58,?
CP联赛青金炫光,58,?
Joker装,58,?
N能量背饰,58,60
S10车王炫光,58,56
S11车王炫光,58,59
S13车王炫光,58,62
S9车神炫光,58,?
低调的油纸伞,58,?
动感超人套装,58,56
华丽的披帛,58,?
南瓜派对帽(男),58,84
夏日沙滩装,58,60
多维鞘翅背饰,58,56
太空漫步服饰,58,56
好战之蝎铠甲,58,60
宫廷贵族炫光,58,58
幻彩海月炫光,58,?
库伢蓝色喷漆,58,?
库伢雪色喷漆,58,56
心动萌兔套装-男服装,58,59
悟空的翅帽,58,76
时之领域炫光,58,58
星光夜曲之翼,58,60
暴风雪炫光,58,59
果冻覆盆子气球,58,86
沙漠旅者服饰(男),58,60
海月水母背包,58,57
烈焰铠甲之翼,58,59
玉女的石榴裙,58,57
电波兔背饰,58,?
皇家海军服(女),58,?
神秘地带炫光,58,56
神秘纹章背饰,58,?
童真浣熊帽,58,59
等离子气球,58,56
粉色棒球装,58,60
粒子聚能炫光,58,56
胡萝卜手杖,58,65
艾莉雅浅蓝喷漆,58,56
荣耀金环,58,62
诗卷背饰,58,60
超凡动力背饰,58,61
踏春炫光,58,58
酋长头饰,58,56
金龙腾空服饰,58,58
钻石之心背饰,58,?
阿特拉斯浅蓝喷漆,58,56
霓锋暗影炫光,58,57
颜团子浅蓝喷漆,58,?
飞天套装服(女),58,60
高歌任侠背饰,58,57
魔法幻翼,58,?
魔法阵炫光,58,58
龙行面饰,58,84
4周年背饰,57,?
CP联赛白金炫光,57,?
S10车神炫光,57,58
S12车王炫光,57,60
S13车神炫光,57,64
S8车王炫光,57,58
企鹅胖墩浅蓝喷漆,57,48
凤舞九天短裙,57,56
剪纸兔头饰,57,62
古埃及套装服(男),57,58
圣诞巡礼炫光,57,58
天魔金轮背饰,57,59
太空研究员服(女),57,?
屁屁背包,57,58
巅峰唱将炫光,57,?
幻羽星痕翼,57,60
库伢墨色喷漆,57,59
恐怖烛台手杖,57,?
恶魔之翼,57,59
新春祝福炫光,57,?
星际警察布莱恩黑喷漆,57,?
机甲守备炫光,57,57
活力沙滩服饰(女),57,60
活力沙滩服饰(男),57,60
派对之王炫光,57,56
流氓兔粉丝套装(男),57,58
海月服(男),57,56
熊宝气球,57,59
熔岩领主炫光,57,56
皇家海军服(男),57,?
福兔贺岁服(女),57,57
福兔贺岁服(男),57,56
精灵炫光,57,56
绚烂烟花炫光,57,59
航海士炫光,57,59
艾莉雅雪色喷漆,57,59
蜜蜂小姐服饰,57,56
迷乱空间炫光,57,57
速氧瓶,57,59
酋长面饰,57,59
金龙炫光,57,60
阿特拉斯黄色喷漆,57,55
颜团子黄色喷漆,57,?
飞碟漫游炫光,57,58
鬼影重重眼镜,57,57
黑帮教父炫光,57,58
龙姿凤仪背饰,57,58
CP联赛黑金炫光,56,60
S6车神炫光,56,59
三尖叉气球,56,?
不倒翁宝宝面饰,56,?
两朵玫瑰背饰,56,56
企鹅胖墩墨色喷漆,56,57
企鹅胖墩粉色喷漆,56,55
克洛诺斯头饰,56,57
克洛诺斯气球,56,55
动感喵喵话筒,56,84
南瓜派对帽(女),56,65
天使之翼,56,56
太空环卫工小乖墨漆,56,?
如意结背饰,56,60
尖刺眼镜,56,58
库伢粉色喷漆,56,?
循环头饰,56,57
心动背饰,56,60
恶魔南瓜手持,56,?
时光怀表背饰,56,?
时空壁障炫光,56,56
时空领域玫瑰,56,57
星际警察布莱恩黄喷漆,56,?
暖色向日葵炫光,56,60
月下华冠发型,56,68
木乃伊小强墨喷漆,56,57
树人麻吉墨色喷漆,56,57
树人麻吉绿色喷漆,56,57
流氓兔夏日炫光,56,56
滑雪眼镜,56,57
火凤气球,56,59
炽焰气球,56,?
燎原狱火炫光,56,?
猛虎出山装,56,58
盖世英雄的长衫,56,56
破晓之翼炫光,56,58
碧烟襦裙,56,57
神选之民短袍,56,59
等离子头饰,56,57
红色警告炫光,56,56
缤纷乔木背饰,56,?
美人鱼女船长墨喷漆,56,57
美人鱼女船长雪喷漆,56,59
致命回响炫光,56,59
艾莉雅黑色喷漆,56,57
花季蔷薇背饰,56,59
葫芦头饰,56,63
蔷薇诱惑面饰,56,68
誓约同心服饰,56,58
转速仪炫光,56,59
轻纱红袖,56,59
阿斯加德炫光,56,57
阿特储能面饰,56,56
阿特拉斯粉色喷漆,56,55
阿特拉斯紫色喷漆,56,50
阿特拉斯银色喷漆,56,59
飞龙刀阵炫光,56,60
魔法星空炫光,56,57
黑色力量炫光,56,56
黯泣面饰,56,57
库伢紫色喷漆,55,55
恐龙图案气球,55,58
数显面饰,55,55
木乃伊小强粉喷漆,55,55
机械熊猫眼镜,55,55
树人麻吉黄色喷漆,55,55
艾莉雅粉色喷漆,55,55
艾莉雅黄色喷漆,55,?
酋长气球,55,55
阿特拉斯墨色喷漆,55,57
CP联赛白银气球,54,46
CP联赛黄金气球,54,49
N力量面饰,54,46
N能源气球,54,48
V特权专属气球,54,47
低调的面罩,54,?
佐维奇浅蓝喷漆,54,?
佐维奇粉色喷漆,54,54
佐维奇黄色喷漆,54,54
克莉丝雪色喷漆,54,45
兔妮妮头饰,54,54
全能分析面具,54,53
南瓜恶魔气球,54,50
启迪气球,54,52
吸血鬼发型,54,?
多功能头饰,54,52
头彩面饰,54,53
女武神墨色喷漆,54,46
女船长粉色喷漆,54,?
宝宝雪色喷漆,54,45
宝宝黄色喷漆,54,?
宝物猎人手杖,54,46
小乖白羊喷漆,54,49
小强黄色喷漆,54,?
巨熊假面,54,52
幸运星气球,54,53
幻想魔法发饰,54,46
彩带金牌气球,54,46
影卫墨绿色喷漆,54,47
恶魔气球,54,53
悟空黄色喷漆,54,46
暴龙面饰,54,54
机器人面具,54,51
机甲护目镜,54,47
机甲气球,54,50
森林公主灰白色喷漆,54,51
比翼鸟面饰,54,47
烈焰之眼,54,45
烈焰铠甲气球,54,49
爱意钻冕,54,79
狂野鲨气球,54,50
猩红巫女紫色喷漆,54,52
猩红巫女黑色喷漆,54,51
皇家海军帽(女),54,45
皇家海军帽(男),54,49
破碎时空面饰,54,51
碧云髻,54,45
礼花气球[2],54,52
糖糖粉色喷漆,54,?
网络侠影头饰,54,47
网络侠影面饰,54,?
葱头黄色喷漆,54,46
蓝晶蝶面饰,54,51
蓝蓝墨色喷漆,54,48
虎宝气球,54,50
虹光战术目镜,54,49
解说员葱头雪色喷漆,54,53
赛车女郎眼镜,54,53
速度之猩气球,54,53
金色舞狮头饰,54,52
金色舞狮面饰,54,51
雪绒花头饰,54,54
露西粉色喷漆,54,54
骑士气球,54,53
魔法探测镜,54,49
鸡哥头饰,54,50
鸿运当头发型,54,48
麦迪娅粉色喷漆,54,52
麦迪娅黑色喷漆,54,54
黛丝粉色喷漆,54,?
龙之晶冠,54,51
龙凤呈祥头饰,54,46
龙神气球,54,52
龙角气球,54,54
Pro气球,53,52
一见倾心发型(女),53,79
像素小乖雪色喷漆,53,53
光之翼面饰,53,52
兔妮妮气球,53,53
全息扫描雷达,53,48
冰激凌护目镜,53,?
击剑员麻吉黄喷漆,53,54
卡帕雪色喷漆,53,48
卡通权杖,53,52
合金智械气球,53,46
吉米黄色喷漆,53,46
启迪头饰,53,52
喜气连连发型,53,47
圣诞老人雪色喷漆,53,45
奇奇深粉色喷漆,53,46
奇奇雪色喷漆,53,45
奇奇黄色喷漆,53,46
女武神紫罗兰喷漆,53,?
女武神雪色喷漆,53,?
女船长紫罗兰喷漆,53,?
小强深粉色喷漆,53,46
小强雪色喷漆,53,?
小白虎气球,53,53
尼欧雪色喷漆,53,54
工头雪色喷漆,53,?
布莉娅墨色喷漆,53,?
布莱恩雪色喷漆,53,45
希莉娅墨色喷漆,53,51
心动信号目镜,53,48
恶魔印记头饰,53,50
悟空墨色喷漆,53,48
悟空深粉色喷漆,53,?
战神王冠,53,53
日影深粉色喷漆,53,?
暴龙头饰,53,54
月熙冠军喷漆,53,47
月熙雪色喷漆,53,?
机器人Z气球,53,52
机器人炸弹,53,54
机械三角龙手持,53,51
机械小强墨色喷漆,53,51
机械小强黄色喷漆,53,54
机械爪手持,53,51
机械神秘工头黄喷漆,53,54
机械角龙手持,53,?
棱光雷达头饰,53,49
渔夫皮蛋浅蓝喷漆,53,50
溜溜头饰,53,49
烈焰龙骑白色喷漆,53,51
烈焰龙骑黄色喷漆,53,52
烈焰龙骑黑色喷漆,53,54
皇家假面,53,54
皮蛋墨色喷漆,53,?
盖世英雄的幞头,53,48
碎琼面饰,53,52
祥瑞龙车面饰,53,53
管家皮蛋白色喷漆,53,53
糖糖墨色喷漆,53,51
纸牌卫士发型(男),53,49
美美雪色喷漆,53,45
胖墩黄色喷漆,53,46
茜茜墨色喷漆,53,48
茜茜深粉色喷漆,53,46
茜茜黄色喷漆,53,?
蓝晶核心,53,50
蓝电齿轮面饰,53,49
蜜蜂先生帽子,53,54
解说员葱头墨色喷漆,53,51
赏金猎人气球,53,54
赏金猎人雪色喷漆,53,53
赏金猎人黑色喷漆,53,51
踏春行头饰,53,46
辛西娅雪色喷漆,53,?
酸甜甜雯雯墨喷漆,53,51
酸甜甜雯雯粉喷漆,53,54
重装凯能雪色喷漆,53,53
重装凯能霄色喷漆,53,?
金龙腾空发型,53,45
钢铁三角龙面饰,53,50
音乐天王帽,53,?
麻吉黄色喷漆,53,51
龙妹粉色喷漆,53,54
龙晶石头饰,53,50
龙晶面饰,53,50
龙纹面饰,53,54
仙女雯雯雪喷漆,52,58
仙女雯雯黄喷漆,52,59
兔妮妮面饰,52,50
凤舞九天发髻,52,48
击剑员麻吉墨喷漆,52,51
击剑员麻吉粉喷漆,52,54
勾月发,52,47
吉米墨色喷漆,52,?
圣诞老人墨色喷漆,52,47
多彩棉花糖气球,52,45
天真烂漫之花,52,48
奇奇墨色喷漆,52,?
奥丁黄色喷漆,52,46
女武神墨绿喷漆,52,46
女武神深粉色喷漆,52,?
女武神翠绿喷漆,52,46
女船长白色喷漆,52,47
宝宝深粉色喷漆,52,?
宝宝藕荷色喷漆,52,51
小乖墨色喷漆,52,?
小强墨色喷漆,52,?
布莱恩墨色喷漆,52,?
异瞳粉红喷漆,52,?
彩星星气球,52,48
影卫气球,52,46
恋心钻冕,52,63
恐龙海盗船长粉红喷漆,52,54
恶魔浮动面饰,52,54
惺忪猫猫睡帽,52,50
慵懒狗狗睡帽,52,51
战争女神粉色喷漆,52,54
战争女神雪色喷漆,52,53
智能分析眼镜,52,53
暗夜玫瑰粉色喷漆,52,54
月夕花晨发型(女),52,71
月熙天蝎喷漆,52,49
未来少女黄色喷漆,52,46
机械眼镜,52,54
机械神秘工头雪喷漆,52,53
洞察眼镜,52,52
洞察者眼镜,52,47
渔夫皮蛋黄色喷漆,52,54
烈焰预警头饰,52,46
狱火眼镜,52,52
猩猩队长护目镜,52,51
皮蛋雪色喷漆,52,45
相控雷达头饰,52,48
真理之花面饰,52,50
真视之眼,52,51
祥瑞舞狮气球,52,53
祥龙吐珠气球,52,51
竹蜻蜓头饰,52,48
粒子炮头饰,52,54
糖糖浅蓝色喷漆,52,50
红龙气球,52,51
翡翠钿花头饰,52,49
胖墩墨色喷漆,52,?
苏尔特尔之冠,52,49
茜茜雪色喷漆,52,45
虎爪头饰,52,53
蛋头博士面具,52,53
赤金疾影软帽,52,48
金色流年护目镜,52,48
金色舞狮气球,52,50
阿特头饰,52,52
阿特密斯气球,52,50
雯雯冠军喷漆,52,47
雯雯墨色喷漆,52,?
雯雯黄色喷漆,52,46
鸡哥面饰,52,51
麦霸手持,52,54
麻吉黑色喷漆,52,51
4周年面饰,51,50
CP联赛青铜气球,51,48
Joker帽,51,45
N2O头饰,51,53
WS-2-探测镜,51,49
仙人掌气球[黄],51,50/39?
克莉丝天蝎喷漆,51,46
冰淇淋气球,51,?
太空漫步头盔,51,48
太空环卫工小乖紫漆,51,?
奥丁深粉色喷漆,51,46
好战之蝎头盔,51,47
孩子王头饰,51,54
宇航皮蛋气球,51,50
小强冠军喷漆,51,47
小锣鼓头饰,51,50
工头污渍喷漆,51,?
希莉娅雪色喷漆,51,53
幸福雪人气球,51,47
幸运星粉红喷漆,51,?
幻想魔法帽,51,?
库伢浅蓝喷漆,51,50
异瞳墨色喷漆,51,48
异瞳雪色喷漆,51,?
异空雷达头饰,51,47
心动手持,51,49
心想事成发型,51,48
惊喜圣诞手杖,51,47
意气风发发型,51,?
手捧仙人掌,51,50
托尔墨色喷漆,51,45
日影黄色喷漆,51,46
暗夜玫瑰浅蓝喷漆,51,50
月夕花晨发型(男),51,60
木乃伊小强橙喷漆,51,?
木乃伊小强紫喷漆,51,50
未来机甲气球,51,48
机体防护面具,51,53
机械之卵气球,51,46
沙漠旅者发型(男),51,50
流氓兔气球,51,50
流行天后帽,51,?
激光衍射准镜,51,46
热血雄心发型,51,54
狮子眼镜,51,50
猩红巫女雪色喷漆,51,53
玉女的垂仙髻,51,49
琉璃碧鬟,51,46
白虎面具,51,51
礼花头饰,51,53
神选之民头冠,51,46
科技游侠气球,51,47
立体显影头饰,51,53
粉红浪漫帽(男),51,60
糖糖黄色喷漆,51,?
维克兔莉气球,51,51
缘定三生发型,51,49
美美深粉色喷漆,51,46
翡翠翼善冠,51,45
考古铲手持,51,50
艾莉雅紫色喷漆,51,?
英勇面甲,51,45
蓝晶气球,51,52
蓝蓝黄色喷漆,51,?
虎啸山林帽,51,45
誓约同心发型,51,45
记录仪面饰,51,50
赏金猎人黄色喷漆,51,52
转运头饰,51,52
辛西娅墨色喷漆,51,52
辛西娅绿色喷漆,51,52
遮阳帽(女),51,51
遮阳帽(男),51,50
重装凯能浅蓝喷漆,51,50
锦鲤头饰,51,46
雯雯深粉色喷漆,51,?
雯雯雪色喷漆,51,45
露西雪色喷漆,51,53
颜团子墨色喷漆,51,?
颜团子粉色喷漆,51,52
颜团子雪色喷漆,51,54
鸡哥气球,51,52
黑妞墨色喷漆,51,?
黑杰克雪色喷漆,51,45
黑龙宝宝气球,51,49
黛丝墨色喷漆,51,51
龙妹红色喷漆,51,50
龙妹雪色喷漆,51,53
2022KLC助威战服(男),50,47
4周年气球,50,48
P1联赛先锋服(男),50,47
古埃及套装帽(女),50,48
哈士奇服饰,50,46
哥斯拉炫光,50,47
太空环卫工小乖浅蓝漆,50,48
奥迪双钻套装,50,47
奥迪双钻杯八强炫光,50,?
才不是咸鱼,50,50
招财进宝帽,50,37
新手鱼竿,50,37
新春音符炫光,50,49
无尽星空炫光,50,48
木乃伊小强浅蓝漆,50,48
树人麻吉浅蓝喷漆,50,48
沙漠观光头套(男),50,48
沙漠金字塔气球,50,48
海月水母面纱,50,49
火箭气球,50,48
章鱼小丸子手持,50,51
章鱼触手,50,47
索尼克滑板,50,48
红色连衣裙,50,50
绿茵宝贝服装,50,48
美人鱼女船长紫喷漆,50,50
羽扇手持,50,48
虎年炫光,50,49
赛事摄影服饰,50,50
金琥气球,50,48
长情与共炫光,50,50
颜团子蓝色喷漆,50,?
飞天套装帽(男),50,48
飞天面纱,50,48
鲨鱼气球,50,49
黄金马桶塞,50,48
黑喵团子背包,50,46
2022KLC炫光,49,50
4周年套装帽(男),49,51
4周年庆头盔,49,51
六娃蓝色喷漆,49,49
危险印记炫光,49,49
古怪男服装,49,49
司南头饰,49,51
呱呱睡衣,49,48
哥斯拉棒球服,49,48
地下角斗士装,49,49
坏杰克背包,49,49
基地炫光,49,?
太空研究员帽(男),49,51
如意手持,49,51
幻彩帽(男),49,48
库伢绿色喷漆,49,?
恐龙探索者衣,49,48
我的伙伴炫光,49,48
星梦情缘服饰(女),49,47
星际警察布莱恩绿喷漆,49,?
月桂炫光,49,48
木乃伊小强蓝喷漆,49,?
机械之心炫光,49,49
林中冒险装(女),49,50
桃子背包,49,50
沙丘气球,49,51
沙滩连衣裙,49,47
源力机甲背饰,49,49
火鸡背包,49,50
燃擎之源炫光,49,48
爱狸炫光,49,47
牵牛花开炫光,49,47
狼外婆的衫裙,49,49
王者基多拉炫光,49,49
白色渔夫帽(男),49,51
皮蛋背带装,49,48
福禄寿背饰,49,58
繁星炫光,49,?
红蘑菇炫光,49,?
藤萝背饰,49,50
螺丝钉背饰,49,49
阿努比斯面饰,49,51
阿狸机车服,49,49
鱼钩护目镜,49,48
龙橙战意服饰(男),49,48
2022KLC助威战服(女),48,?
R军团战服,48,46
三娃黄色喷漆,48,48
倒金字塔头饰,48,49
先锋之刃,48,46
原始冒险装,48,?
哥特布偶熊,48,49
团子游星空炫光,48,48
夏日小背头,48,49
夏日花花裙,48,50
太空环卫工小乖绿喷漆,48,?
小脑虎战服,48,48
心动萌兔气球,48,49
心动萌兔面饰,48,48
捣蛋魔女服装,48,50
救援背包,48,47
方块战士盔甲,48,50
星梦情缘服饰(男),48,48
木乃伊小强绿喷漆,48,49
桃子俏皮服饰,48,48
水壶气球,48,49
流氓兔睡眠眼罩,48,49
流氓兔粉丝帽,48,49
海星头饰,48,49
灯光秀炫光,48,50
生命之花手持,48,49
登高饮酒背饰,48,49
白色西服,48,48
福禄新春发型(男),48,50
索尼克套装服饰,48,46
索尼克背包,48,46
绿蘑菇炫光,48,?
胖鹅眼镜,48,51
艾莉雅绿色喷漆,48,?
赛事主播服饰,48,48
赛道救援服饰(男),48,49
迷醉人生炫光,48,50
钢甲作战服,48,50
颜团子红色喷漆,48,?
飘逸的丸子头,48,49
飞天套装帽(女),48,49
驻场DJ服装,48,46
魔斯拉翅膀,48,50
黑妞背带装,48,50
2022炫光,47,46
4周年头饰,47,47
4周年套装帽(女),47,?
4周年手持,47,47
P1联赛先锋服(女),47,48
七娃紫色喷漆,47,51
七星瓢虫背饰,47,50
二娃橙色喷漆,47,51
五娃青色喷漆,47,47
制冷少女炫光,47,49
卫星雷达手持,47,?
古埃及套装帽(男),47,47
叮叮当炫光,47,47
吉米粉紫色喷漆,47,49
咩咩咩头饰,47,47
哥斯拉背包,47,47
四娃绿色喷漆,47,50
团子背带裤(女),47,47
团扇,47,49
圣夜之架背饰,47,49
夏日花花装,47,48
太空研究员帽(女),47,?
奇趣麋鹿袄(男),47,49
小丑鱼气球,47,47
幻彩帽(女),47,51
心动萌兔套装-女发型,47,49
心动萌兔套装-男发型,47,48
心动萌兔花束,47,48
恐龙爱好者衣,47,47
探照灯气球,47,47
揽月背包,47,46
救援炫光,47,47
星际警察布莱恩紫喷漆,47,47
月亮宝贝短衫,47,47
机甲战士铠甲,47,46
水母气球,47,48
水母的指挥棒,47,47
沙漠旅者发型(女),47,47
活力沙滩发型(男),47,49
流氓兔的马桶塞,47,47
流氓兔防护头盔,47,47
海上水手装(男),47,50
海草气球,47,47
深海之子风衣,47,49
灯笼鱼气球,47,50
燃擎源力战服(男),47,46
狸猫睡衣,47,46
珊瑚气球,47,49
白色渔夫帽(女),47,47
福禄新春发型(女),47,51
秋菊炫光,47,48
章鱼气球[2D],47,50
糖果人生炫光,47,48
红伞伞炫光,47,48
美人鱼女船长浅蓝漆,47,48
美人鱼女船长绿喷漆,47,49
花开葫贵炫光,47,58
蝶恋花发髻,47,50
触手灯头饰,47,50
警灯头饰,47,47
野性丛林装,47,48
金秋背饰,47,46
防火牌背饰,47,47
阿特拉斯橙色喷漆,47,58
阿特拉斯绿色喷漆,47,?
雪糕帽,47,47
青花瓷气球,47,38
颜团子紫色喷漆,47,?
魔斯拉棒球服,47,47
龙橙战意服饰(女),47,47
EBS炫光,46,47
南瓜团子背包,46,49
危险侍女服装,46,47
团子背带裤(男),46,46
方块黑妞炫光,46,?
星级厨师服,46,47
源力机甲羽翼,46,46
狂野猎手装,46,49
玉兔呈祥炫光,46,57
球场雄鹰服装,46,47
电网炫光,46,46
神秘恐龙蛋炫光,46,?
福虎迎春服(女),46,46
索尼克齿轮炫光,46,46
节日氛围炫光,46,?
荧光团子炫光,46,50
菠萝炫光,46,46
血月舞姬礼服,46,48
音浪炫光,46,50
风暴战斧,46,48
P1联赛无畏服(女),45,45
TGA联赛纪念装(女),45,42
TGA联赛纪念装(男),45,45
一见钟情背饰,45,?
丑小鸭炫光,45,42
专业相机背饰,45,42
五谷丰登背包,45,41
伯牙琴背饰,45,44
修理师先锋装(男),45,42
元宵背包,45,42
军事防弹衣,45,42
军用背包背饰,45,43
冰爽夏日服饰,45,45
出错的结婚礼服,45,43
印第安皮裙,45,41
双叶夏日校服(男),45,45
叶羽萤虫背饰,45,43
向日葵炫光,45,?
回忆之歌炫光,45,42
垒球装,45,42
多彩气球炫光[2],45,47
宇航背包,45,45
宝宝校服,45,45
密林之子风衣,45,42
小魔女背饰,45,43
布朗熊泡泡机,45,44
帅气街拍服饰,45,43
幽黯精灵礼服,45,41
微信专属新年装,45,43
微信专属服饰,45,41
心动服饰,45,46
心跳炫光,45,45
怒海炫光,45,43
急救背包,45,44
手Q专属服饰,45,?
挑战者服饰(男),45,45
捕梦网背饰,45,41
探险女郎服饰,45,41
探险者服饰,45,42
探险队长服饰,45,43
故作镇静炫光,45,41
无限背饰,45,44
星月睡衣(蓝),45,45
暴走年兽炫光,45,42
机械义体背饰,45,?
机械娇娃战服,45,45
氮气少女装,45,44
水兵睡衣,45,43
水晶魔法棒背饰,45,43
浪漫枫叶羽翼,45,42
海滨DJ装,45,41
海滨度假炫光,45,41
灯夕背饰,45,41
烟花爆竹炫光,45,41
熊熊服饰,45,49
燃力重工炫光,45,?
燃擎一夏背饰,45,45
猫咪连衣裙,45,45
疾速上升炫光,45,44
白色校园套裙,45,45
福娃肚兜,45,45
科技齿轮炫光,45,?
竹叶炫光,45,42
粉色背带裤,45,43
粉色衷心罩衫,45,42
聚光灯炫光,45,46
落叶炫光,45,41
蓝蝶之翼,45,44
蕾丝女包,45,44
赛博少女服装,45,44
跨界车王,45,47
部落勇士服,45,45
金箍棒背饰,45,43
雷云炫光,45,45
音乐时光(男),45,41
飞船修理包,45,44
鲨卷风背包,45,41
1000天气球,44,41
2022KLC助威头盔(女),44,37
2022KLC气球,44,37
P1联赛先锋帽(女),44,37
P1联赛先锋帽(男),44,41
WKC气球,44,38
WKC趣味眼镜,44,41
丹枫霜色炫光,44,41
五彩时光装(女),44,41
休闲夹克(黑),44,41
休闲羽绒服(红),44,44
克莉丝驼色喷漆,44,39
冰蓝权杖背饰,44,?
击剑员麻吉浅蓝漆,44,37
动力飞剑,44,41
南瓜头饰,44,39
双叶夏日校服(女),44,42
可爱小鹿面具,44,38
合金滑翔翼,44,42
哥斯拉头盔,44,40
哥斯拉毛线帽,44,37
喵星人书包,44,42
团子渔夫帽(女),44,41
墨麟剑背饰,44,42
壕气冲天服饰,44,41
多彩气球炫光[1],44,45
大火腿,44,40
奥迪双钻气球,44,37
宝宝必杀技头饰,44,37
宝宝月饼背饰,44,43
宝马骑行套装(女),44,41
宝马骑行套装(男),44,42
小乖奶油番茄喷漆,44,40
小姜丝气球,44,41
小小生日帽,44,40
布莱恩孟秋喷漆,44,38
平安夜之星服饰,44,43
开星头饰,44,41
彩带铂金牌气球,44,39
彩虹糖衬裙,44,50
德克士气球,44,?
心灵权杖背饰,44,41
必胜骑手装,44,44
忧郁蓝调炫光,44,?
恐龙蛋气球,44,41
惬意午后头饰,44,37
战争侍女套装,44,45
手Q女孩装,44,?
手指手持,44,38
捣蛋魔女发型,44,39
排球面饰,44,?
摇滚达人套装,44,43
星月睡衣(粉),44,?
春联招展背饰,44,41
月熙淡粉色喷漆,44,40
朝花夕拾服饰,44,41
极限挑战战服(女),44,41
桃子眼罩,44,38
桃金娘礼裙,44,41
森林公主红色喷漆,44,40
渔夫皮蛋紫色喷漆,44,39
激浪炫光,44,44
烛光晚餐炫光,44,44
熊熊背包,44,44
燃擎一夏装(男),44,42
燃擎之源手持,44,41
燃擎之源气球,44,40
牛仔吊带裤,44,42
特邀歌手发型,44,41
狂野猎手发型,44,38
猫猫爪印炫光,44,44
玉兔呈祥气球,44,37
王者基多拉气球,44,39
玫瑰花炫光,44,43
珍珠腰结背饰,44,43
甜点师炫光,44,44
甜筒气球,44,?
生物雷达头饰,44,39
皮蛋香芋紫喷漆,44,40
盛夏的折边裙,44,44
礼花气球[1],44,38
神国之盾炫光,44,41
福虎迎春帽(女),44,40
秘境之森羽翼,44,45
稻叶禾香裙,44,43
突袭者皮裙(女),44,45
章鱼冲浪板,44,44
童年背带裙,44,41
竹叶粽子炫光,44,44
索尼克道具气球,44,39
红蘑菇气球,44,38
纳克鲁斯气球,44,38
绿带钻石牌气球,44,38
胜之队比赛服,44,41
自然之息长裙,44,43
船舵背饰,44,43
花花圆框眼镜,44,40
菠萝头饰,44,38
菠萝手杖,44,39
萌萌小团子,44,38
葫芦鼎气球,44,50
蛋糕达人装,44,42
蝎子精气球,44,48
蝶舞翩翩面饰,44,39
行进乐手礼服,44,46
触角头饰,44,41
赛车奖杯气球,44,40
超级管家气球,44,40
超能护目镜,44,40
足下生莲炫光,44,43
足球气球,44,38
辛西娅紫色喷漆,44,40
酸甜甜雯雯橙喷漆,44,39
重装凯能紫色喷漆,44,39
金环头饰,44,38
金鼠载福炫光,44,41
钢甲战车气球,44,39
铜翼蓝宝石气球,44,37
银月剑背饰,44,44
银狐护目镜,44,41
阳光齐刘海,44,41
阿拉伯神灯背饰,44,43
阿狸生日气球,44,40
雯雯立夏喷漆,44,40
雾隐炫光,44,45
颜团子绿色喷漆,44,?
香蕉手持,44,37
马卡龙背饰,44,43
驻场DJ发型,44,40
魔斯拉气球,44,40
魔法仪轨炫光,44,43
鹊桥仙炫光,44,42
鹦鹉气球,44,39
黄金日冕炫光,44,44
黑杰克生日气球,44,41
黑白格子旗,44,40
龙橙战意头套(男),44,37
龙角头饰,44,50
****气球,43,37
2022KLC助威头盔(男),43,41
R军团头盔,43,40
万钧雷阵炫光,43,43
三项循环炫光,43,42
乒乓气球,43,37
云海夕月短裙,43,42
仙人掌气球[蓝],43,50/39?
仙女雯雯紫喷漆,43,39
仲夏之星羽翼,43,47
休闲夹克(红),43,43
休闲羽绒服(黑),43,42
修理师先锋装(女),43,41
修理师炫光,43,44
凛冬炫光,43,?
击剑员麻吉绿喷漆,43,38
加油头饰,43,41
动感超人背包,43,43
勇士之征服装(女),43,44
卫兵头盔,43,38
叛逆少女装(黄),43,42
哥斯拉应援棒,43,38
哥斯拉气球,43,37
喜笑颜开气球,43,41
团子渔夫帽(男),43,40
圣诞袜背饰,43,41
城市马戏团装,43,45
太空探测炫光,43,45
奇迹之星炫光,43,42
宇航服(男),43,44
定位气球,43,37
定海神锚背饰,43,44
宝宝卡通气球,43,37
小西几气球,43,41
尼欧橙色喷漆,43,40
尼欧紫色喷漆,43,40
工头浅蓝色喷漆,43,39
工头炫酷绿喷漆,43,41
希莉娅湛蓝色喷漆,43,37
幻光魅影装(女),43,44
幻光魅影装(男),43,43
彩虹糖衬衫(男),43,46
恐龙爪印炫光,43,45
悬灯结彩炫光,43,42
排球气球,43,39
救生圈背饰,43,44
教师背饰,43,42
方块笑脸气球,43,41
昆虫护目镜,43,40
星梦情缘发型(男),43,37
星级厨师帽,43,41
星际轨道炫光,43,42
未来之光炫光,43,44
机械哥斯拉手持,43,41
机械神秘工头紫喷漆,43,39
机械神秘工头绿喷漆,43,38
机械齿轮炫光,43,42
机甲战士发饰,43,40
机甲护盾气球,43,41
杏花炫光,43,41
极地冒险服(女),43,44
桃子手持,43,40
棒球服(白),43,43
森林公主绿色喷漆,43,38
正义之盾背饰,43,41
汉堡达人装,43,45
注意追尾气球,43,38
泪流满面气球,43,39
洛基桃粉色喷漆,43,39
测试员工装,43,43
深海之子发型,43,38
滑雪板背饰,43,49
热情摇滚炫光,43,41
燃擎之源头饰,43,38
爱之炫光,43,45
爱玩NO.1新年装,43,?
牛气冲天炫光,43,45
王者基多拉头饰,43,39
球场雄鹰发型,43,41
瓦尔基里战铠,43,41
皮蛋酒红色喷漆,43,38
神秘罗盘炫光,43,44
禁止飙车气球,43,41
秘境森林气球,43,38
粉红宝宝眼镜,43,39
粉色棒球衫(女),43,41
紫心吊带裙,43,44
红带钻石牌气球,43,37
红心吊带服,43,45
红灯笼气球,43,47
纳克鲁斯手套,43,41
纸牌魔术礼服,43,43
纸鸢背饰,43,41
织女的襦裙,43,44
绯红权杖背饰,43,41
胖墩生日喷漆,43,38
胡萝卜鼻,43,39
花花团子气球,43,38
苍翠之风炫光,43,41
蓝带钻石牌气球,43,40
蓝色街头卫衣,43,43
蓝蓝季夏喷漆,43,41
蔓生的探测仪,43,40
藤蔓眼镜,43,40
虎虎生威面饰,43,37
褪色骨饰,43,40
解说员葱头绿色喷漆,43,38
贝斯眼镜,43,39
赛车旗气球,43,37
赛道救援发型(男),43,38
足球眼镜,43,40
酸甜甜雯雯浅蓝漆,43,37
酸甜甜雯雯紫喷漆,43,39
酸甜甜雯雯绿喷漆,43,38
野性丛林发型,43,37
金丝皂罗袍,43,42
钢甲作战头盔,43,39
铜翼绿宝石气球,43,40
铜翼黄宝石气球,43,38
长草颜气球,43,40
阳光夏日服饰,43,44
阿狸安全帽,43,38
阿狸眼罩,43,41
露西橙色喷漆,43,39
马戏小丑服饰(男),43,46
麦迪娅浅蓝色喷漆,43,40
黑妞生日气球[帽子],43,40
龙舟竞渡炫光,43,43
888炫光,42,?
FUN气球,42,41
三色花环,42,37
不夜之城气球,42,38
五彩时光装(男),42,42
五星彩带炫光,42,44
京剧脸谱气球,42,41
侏罗纪气球,42,37
侠女的练功服,42,41
修罗炫光,42,41
先锋面饰,42,40
冰山气球,42,38
南瓜派冲锋衣,42,41
卫兵气球,42,40
双虎头饰,42,37
吉米金叶黄喷漆,42,38
吸管面饰,42,38
命运箴言卷轴,42,41
噬血獠牙背饰,42,41
圆月气球,42,41
圣诞夜之星服饰,42,42
圣诞快乐炫光,42,45
圣诞精灵装(女),42,43
地下角斗士帽,42,38
大城堡气球,42,37
姜饼巧克力棒,42,41
宇航服(女),42,43
宫廷气球,42,50
寻宝探测仪,42,38
小天使之翼,42,45
小青蛙头饰,42,40
小鱼炫光,42,44
少女猫帽,42,37
尚方宝剑背饰,42,42
尼欧气球,42,41
布朗熊夹克衫,42,42
希腊女神长裙,42,43
幸运星浅蓝色喷漆,42,?
心悦专属炫光,42,?
恐龙海盗船长紫色喷漆,42,39
恐龙海盗船长绿色喷漆,42,38
恐龙爱好者帽,42,41
恐龙背包,42,42
招财进宝炫光,42,44
捣蛋棒棒糖手持,42,40
救援头饰,42,41
方块酷币气球,42,41
星星宝贝发型,42,37
星月睡衣(黄),42,?
晴窗花影炫光,42,43
暗月骑士气球,42,39
月熙湖蓝色喷漆,42,37
朋克服饰(男),42,44
朋克机车党,42,44
机械哥斯拉气球,42,41
机械神秘工头橙喷漆,42,39
机械罗盘背饰,42,41
机甲兔耳朵头饰,42,40
机甲电量气球,42,39
极地冒险服(男),42,45
林中冒险帽(女),42,39
枫叶炫光,42,41
桃子气球,42,38
桃狸狸发箍,42,41
梅花权杖背饰,42,41
棒球气球,42,37
槲寄生法杖,42,37
气泡狗背包,42,43
汽车之家气球[黄],42,37
浪漫枫情装(女),42,41
浪漫枫情装(男),42,42
浪花朵朵炫光,42,43
海上水手帽(男),42,39
海浪炫光,42,45
海盗骷髅背饰,42,42
清新赛道气球,42,84
游乐园服饰,42,43
火鸡背饰,42,42
熊熊幼稚园服,42,43
燃擎一夏炫光,42,41
燃擎之源面饰,42,39
燃擎源力发型(女),42,39
燃擎源力发型(男),42,40
爱心枕头背饰,42,43
爱心气泡框,42,39
猫头鹰面饰,42,37
玩具企鹅服(男),42,49
环球马拉松炫光,42,42
瑟瑟发抖炫光,42,44
甜心鹿茸眼镜,42,41
甜蜜猫狗炫光,42,43
电子合成器背饰,42,43
白云炫光,42,42
福禄寿头饰,42,48
福结气球,42,50
秩序炫光,42,42
竹篓背饰,42,45
管家皮蛋紫色喷漆,42,39
篮球气球,42,39
粉色嘻哈装,42,45
糖葫芦炫光,42,41
索尼克气球,42,38
紫色棒球衫(男),42,45
紫青宝剑,42,40
约会预告气球,42,38
绿茎发箍,42,39
绿茵宝贝发型,42,37
美味烤肉背饰,42,45
船长生日喷漆,42,38
节奏金属炫光,42,?
花与蝴蝶结,42,37
苏格兰方格裙,42,43
荷包蛋炫光,42,?
萌心鹿角手杖,42,41
葱头嫩粉色喷漆,42,40
蓝天白云装(女),42,44
蓝色衷心罩衫,42,43
蓝蓝生日喷漆,42,38
虎头棒,42,39
虎年气球,42,38
虎虎生威气球,42,37
蜗牛气球,42,41
螺丝钉气球,42,40
被偷走的钱袋,42,45
赛道救援发型(女),42,40
足球号角,42,37
足球头饰,42,38
踏青护目镜,42,38
运动舞服(粉),42,41
追爱炫光,42,42
野马敞篷气球,42,39
金丝蓝锦袍,42,41
铜翼白宝石气球,42,?
铜翼红宝石气球,42,39
银翼绿宝石气球,42,?
银翼黄宝石气球,42,?
阿狸妈妈气球,42,37
阿狸的呓语,42,44
霸王龙气球,42,41
青叶炫光,42,?
魅力水兵裙,42,45
鸭鸭幼稚园服,42,42
麦迪娅绿色喷漆,42,41
黄色双肩包,42,43
黑妞卡通气球,42,40
黑妞奶油粉喷漆,42,38
黑妞生日手杖,42,38
黛丝黄色喷漆,42,?
Formula E 气球,41,39
No.1气球,41,?
R军团气球,41,37
WKC话筒,41,37
仙女雯雯橙喷漆,41,49
仙女雯雯浅蓝漆,41,47
仙女雯雯绿喷漆,41,38
优等生炫光,41,?
元旦炫光,41,42
克莉丝绿色喷漆,41,37
击剑员麻吉橙喷漆,41,39
勇士之征服装(男),41,45
单筒望远镜背饰,41,44
南瓜派夹克,41,45
卡帕立夏喷漆,41,39
原始冒险帽,41,38
叆叇面饰,41,47
古怪男发型,41,38
可妮兔夹克衫,41,41
吼叫恐龙气球,41,40
哥斯拉头饰,41,40
喷气背囊,41,44
嘻哈女孩服饰,41,44
圣诞精灵装(男),41,44
塔尔斯头饰,41,39
塔尔斯气球,41,40
夏日清凉泳装,41,45
夏特气球,41,41
夜之都市炫光,41,43
太空之战炫光,41,42
奇趣麋鹿帽(女),41,39
奇趣麋鹿帽(男),41,38
女神长春花蓝喷漆,41,41
守护之盾背饰,41,45
小乖卡通气球,41,38
小强酒红色喷漆,41,38
小浣熊气球,41,37
小绵羊气球,41,38
小脑虎头套,41,37
小鹿气球,41,39
巡林客炫光,41,44
幸运星紫色喷漆,41,40
彩带钻石牌气球,41,41
恐龙化石气球,41,38
恐龙探索者帽,41,37
悟空生日喷漆,41,41
情书气球,41,38
我想静静气球,41,40
战争女神浅蓝喷漆,41,37
托尔季夏喷漆,41,41
捣蛋蝙蝠气球,41,41
排球头饰,41,39
摇滚英雄背饰,41,41
方块战士头盔,41,39
无畏战旗,41,44
日影绿意喷漆,41,38
时空猎人服饰,41,45
星月睡衣(红),41,42
星月睡衣(绿),41,44
星月睡衣(蓝绿),41,41
星梦情缘发型(女),41,41
星辰之石法杖,41,38
暖冬祝福头饰,41,37
月亮宝贝发型,41,41
月光都市气球,41,40
机械小强浅蓝喷漆,41,37
机械熊猫头饰,41,40
机械熊猫面饰,41,37
机械神秘工头浅蓝漆,41,37
机甲星纪气球,41,38
杏花背饰,41,42
松果气球,41,40
极限挑战战服(男),41,45
桃子俏皮发型,41,37
桃心甜圈墨镜,41,41
梦幻少女装,41,41
棉花糖套裙,41,49
棒球棍,41,39
汪星人书包,41,43
汪汪休闲西装,41,44
清新民谣炫光,41,?
滑稽眼镜,41,40
熊猫眼罩,41,38
燃擎一夏装(女),41,41
燎原狱火服饰,41,42
爱心修理箱背饰,41,45
狐仙卷轴,41,41
王国法典背饰,41,45
玩具吉他背饰,41,42
瓢虫气球,41,39
电力十足炫光,41,44
皮蛋卡通气球,41,39
盛装假面,41,40
真心鹿鹿气球,41,40
福虎迎春帽(男),41,41
竞技轮毂气球,41,38
索尼克头饰,41,41
索尼克套装发型,41,40
索尼克面具,41,37
红宝石魔杖,41,40
红带铂金牌气球,41,40
细心鹿顶发箍,41,37
经典结婚礼服,41,43
绿蘑菇气球,41,40
自然谐律炫光,41,44
舞会礼冠,41,38
航海家的风衣,41,42
船长仲夏喷漆,41,41
苏格兰风笛背饰,41,44
茜茜季夏喷漆,41,41
荷花翠旗袍,41,45
萤火之森炫光,41,43
蓝天白云装(男),41,45
蓝带铂金牌气球,41,38
蓝电战术眼镜,41,41
蛇精气球,41,51
蛋头博士气球,41,41
血月舞姬发型,41,37
街舞少年服饰,41,43
街角涂鸦气球,41,37
说唱达人套装,41,45
赛事主播发型,41,37
赛事摄影发型,41,39
轻型战刀,41,40
迅捷之刃背饰,41,44
迪斯科头盔,41,41
酷币大王背饰,41,43
野马护目镜,41,41
钢甲护目镜,41,37
钻天猴背饰,41,44
锻造者工装,41,44
阿狸爸爸气球,41,39
阿狸背包,41,44
青叶面饰,41,41
音乐时光(女),41,43
魔斯拉头饰,41,37
魔斯拉毛线帽,41,41
鸭鸭背包,41,41
黄带钻石牌气球,41,41
黄金守卫服装,41,45
黑云气球,41,37
黑带钻石牌气球,41,39
黑带铂金牌气球,41,37
黑帮教父西装,41,44
黑杰克生日喷漆,41,38
黑色风衣,41,45
黛丝浅蓝色喷漆,41,?
龙橙战意头套(女),41,41
L2气球,39,32
LF兄妹眼镜,39,32
P1联赛无畏帽(女),39,34
丘可熊头饰,39,32
仕女的元宝髻,39,32
伏都头饰,39,32
全力一击手持,39,32
六边太阳镜,39,33
冬季雪绒帽,39,34
前卫墨镜,39,33
动感之蓝发型,39,32
动感节拍目镜,39,35
南瓜假面[绿叶],39,35
南瓜头盔,39,35
卡帕生日气球,39,35
印第安发饰,39,35
可妮兔气球,39,36
可妮兔面饰,39,32
吉米绿色喷漆,39,?
圣诞夜之星发型,39,36
圣诞甜甜圈气球,39,32
圣诞精灵发型(男),39,33
复活节兔耳,39,35
夏日花花太阳镜,39,34
夕阳红气球,39,32
夜鹰气球,39,36
大象面饰,39,35
太空漫步面饰,39,36
奇奇绿色喷漆,39,35
女武神蓝色喷漆,39,35
女王气球,39,35
学士帽,39,35
宇航头盔(男),39,33
宝宝绿色喷漆,39,35
宝马摩托头盔(男),39,36
宝马摩托车气球,39,36
小强水瓶喷漆,39,36
小强生日头盔,39,34
小强红色喷漆,39,34
小强青绿色喷漆,39,?
尼福尔法杖,39,34
工头红色喷漆,39,34
布朗熊鸭舌帽,39,36
平底锅手持,39,35
年兽气球,39,35
幻光魅影发型(女),39,33
幽黯精灵发饰,39,35
彩带银牌气球,39,36
彩虹头饰,39,34
微信专属新年帽,39,32
微信专属气球,39,35
悟空紫色喷漆,39,36
感恩火鸡帽(男),39,34
战争侍女发型,39,34
战地补给气球,39,70
托尔橙色喷漆,39,33
挑战者发型(男),39,34
捧花气球,39,34
探照灯头饰,39,34
探路者头盔,39,36
操纵杆气球,39,34
斑点狗发型,39,33
斑点狗气球,39,34
新年见禧气球,39,35
新春包包头饰,39,32
新生代气球,39,34
日影季春喷漆,39,36
星彩虹手套气球,39,32
星红手套气球,39,33
星蓝手套气球,39,36
星黄手套气球,39,32
智商+1头饰,39,?
暗影邪龙气球,39,35
朋克发型(男),39,33
木雕土著面具,39,34
机械锤子气球,39,34
机械防尘眼镜,39,36
杜拉索尔鹿冠,39,32
极限挑战发型(男),39,34
枫叶纹气球,39,35
桃花运来头饰,39,35
棒棒糖发箍,39,38
棕色鸭舌帽,39,34
正义牛仔帽(男)[2],39,34?
步步高升头饰,39,36
毒苹果气球,39,35
氮气少女帽,39,33
汽车之家气球[紫],39,32
洛斐眼镜,39,32
浪漫枫叶气球,39,36
海洋之心太阳镜,39,40
海洋星空眼镜,39,35
海盗草帽,39,36
深海之锚气球,39,34
混乱之角头饰,39,32
温度计气球,39,33
热气球气球,39,34
煤球猫发型,39,34
熊熊帽,39,38
熊猫竹叶气球,39,32
燃擎一夏气球,39,34
燃擎乐园头饰,39,32
燃擎季气球,39,33
燎原狱火发饰,39,36
爆裂皮蛋气球,39,32
爱玩专属气球,39,33
狗尾巴头饰,39,34
独目眼罩,39,33
独眼星人气球,39,35
玄鸟面饰,39,35
玫瑰花蕾护目镜,39,33
珊瑚眼镜,39,36
琥珀贤者法杖,39,32
电子萝卜气球,39,35
皇冠气球,39,36
皮蛋射手喷漆,39,34
皮蛋紫色喷漆,39,?
皮蛋红色喷漆,39,34
相约51气球,39,32
石油大亨头饰,39,36
神鹰气球,39,34
禁止Bug气球,39,?
穿梭者面饰,39,35
童话士兵头饰,39,36
粉红鸭舌帽,39,36
粉色心形气球,39,34
粉色欢迎气球,39,35
粉色洋葱头,39,34
精灵城堡气球,39,33
紫缎缀金暖帽,39,35
紫色渔夫帽(男),39,34
纯洁爱恋气球,39,33
纸杯蛋糕头饰,39,39
纸牌魔术礼帽,39,32
绿带铜牌气球,39,36
绿星星气球,39,32
美洲豹面具,39,32
羽毛掸子,39,34
胖墩巨蟹喷漆,39,34
腾讯充值气球,39,32
腾讯浏览器气球,39,?
腾讯视频气球,39,36
自然之息羽饰,39,32
茜茜紫色喷漆,39,36
莎莉气球,39,34
莎莉面饰,39,34
萌鼠烟花棒,39,32
葫芦气球,39,33
蓝色心形气球,39,36
蓝蓝狮子喷漆,39,34
藏蜜头饰,39,36
行进乐手礼帽,39,40
诡计之神目镜,39,35
超级星光气球,39,32
金字塔头饰,39,32
金字塔气球,39,36
金牛纳福帽(男),39,33
金牛面饰,39,34
金猪祈福面罩,39,34
金鼠气球,39,32
金鼻头面饰,39,35
钢铁宝宝气球,39,33
雯雯包子头发型,39,35
雯雯生日喷漆,39,33
雯雯青绿色喷漆,39,34
雷霆气球,39,35
霸服专属气球,39,32
飞龙刀气球,39,34
鬼影重重气球,39,35
魅力水兵帽,39,34
魅影假面,39,36
鳄鱼饼干头饰,39,33
鹿角头冠,39,36
黄带金牌气球,39,33
黄金守卫头盔,39,34
黑帮教父气球,39,32
黑星星气球,39,33
黑衣绅士猫气球,39,33
鼠年大吉头饰,39,36
鼠鼠生威发型,39,32
CP联赛精英气球,38,34
Hello气球,38,36
LF联谊眼镜,38,?
Q博士紫色喷漆,38,33
乌贼发箍,38,32
乐园扑克面饰,38,34
元宝气球,38,35
冰晶幽灵头盔,38,32
冰激凌头饰,38,34
冰爽夏日发型,38,34
剃鬓的大背头,38,33
北奥行星气球,38,36
单身手杖,38,32
吉米浅蓝色喷漆,38,34
向日葵头套,38,35
向日葵气球,38,33
圣诞帽头饰,38,33
夜枭气球,38,33
大眼星人气球,38,32
天蝎座气球,38,36
天行者发型,38,36
奇奇紫色喷漆,38,36
奔雷眼镜,38,33
女王头饰,38,35
女神的发型,38,32
女神紫色喷漆,38,36
好战之蝎面甲,38,33
守护骑士气球,38,33
宝宝仿生眼镜,38,32
宝宝千斤坠气球,38,32
宝宝孟春喷漆,38,36
宝宝提夫尼蓝喷漆,38,34
宝宝生日气球,38,32
宝箱气球,38,33
宝马摩托头盔(女),38,35
小恐龙气球,38,36
少女包包头,38,35
少女海魂头巾,38,35
尼伯龙根法杖,38,33
岚雾面饰,38,36
工头紫色喷漆,38,36
工装防尘面饰,38,39
布莱恩橙色喷漆,38,36
幼稚园帽(男),38,32
异瞳紫色喷漆,38,36
彩带铜牌气球,38,34
怪灵假面气球,38,34
悟空金牛喷漆,38,34
手Q专属气球,38,?
手机管家气球,38,33
扳手气球,38,32
招财猫头饰,38,33
教科书气球,38,36
时空漫游气球,38,35
星光护目镜,38,36
春节包包头,38,34
智能安全帽,38,33
暴雪护目镜,38,34
曲调飞扬面饰,38,59
月熙蓝色喷漆,38,32
朱红窗格眼镜,38,32
朱雀气球,38,33
机器人气球,38,35
机械娇娃发型,38,34
杏花枝手杖,38,32
束发紫金冠,38,36
桃心魔杖,38,34
棉花糖丝巾,38,38
比翼双飞光圈,38,34
水墨窗格眼镜,38,35
水手头巾,38,35
永恒之爱手杖,38,34
洁云手杖,38,33
浪漫枫情帽(女),38,35
浪漫枫情帽(男),38,36
海滨DJ发型,38,35
海王气球,38,35
海贼船舵气球,38,32
海马气球,38,35
滑稽头盔,38,33
火鸡气球,38,33
燃擎一夏发型(女),38,35
燃烧照明棒,38,34
燕子风筝气球,38,32
爱之丘比特气球,38,33
牛年新禧气球,38,34
玉米棒气球,38,35
环游世界气球,38,32
瓦尔基里头冠,38,35
疯狂雪人气球,38,34
白色校园帽,38,34
白虎气球,38,35
皮蛋绿色喷漆,38,?
盛夏的草帽,38,33
眼冒桃心面饰,38,36
石油大亨气球,38,33
童话葱头面饰,38,36
端午角粽气球,38,32
粉红猫爪气球,38,32
粉色渔夫帽(女),38,35
红包手持,38,34
绿带铂金牌气球,38,36
绿带银牌气球,38,33
胖墩生日气球,38,41
胖墩绿色喷漆,38,35
胖胖皮蛋气球,38,35
船长橙色喷漆,38,36
船长生日气球,38,39
花火棒,38,35
英灵面具,38,34
茜茜狮子喷漆,38,34
葵花宝典气球,38,33
蓝天白云帽(男),38,34
蓝带铜牌气球,38,33
虎头帽(女),38,33
蝎螫头饰,38,34
蝙蝠气球,38,36
西瓜头盔,38,32
财运天降头饰,38,34
部落猎手发型(男),38,34
金牛纳福帽(女),38,32
金猪祈福气球,38,34
金色偏分,38,36
金色酒杯眼镜,38,35
银月剑头饰,38,36
银月剑气球,38,32
锻造者发型,38,33
阿狸手持,38,32
阿狸的祈望,38,33
雪绒手套气球,38,32
雯雯生日气球,38,36
雷神之锤气球,38,36
青龙气球,38,36
音响气球,38,36
飞龙刀头饰,38,33
魔法单片眼镜,38,34
鲜花头盔,38,32
鸳鸯软帽(男),38,32
鹰羽头冠,38,36
麒麟气球,38,32
黄带银牌气球,38,36
黑带金牌气球,38,36
黑帮教父头饰,38,34
黑暗组织护目镜,38,32
黛丝绿色喷漆,38,35
2021祥云气球,37,34
20520气球,37,35
Bye气球,37,34
P1联赛气球,37,35
一叶知秋眼镜,37,35
三级头气球,37,36
丛林牧者面甲,37,34
亳无鸭力头饰,37,?
今年必瘦头饰,37,33
便便气球,37,34
修理师先锋帽(女),37,35
兔子小姐发饰,37,33
全民赛手杖,37,34
兽角头饰,37,34
冠军赛手持,37,?
冠军赛气球,37,34
冷兔宝宝气球,37,33
剪纸宫灯气球,37,34
匹诺曹面饰,37,33
华丽的嵌丝假面,37,33
单身巧克力气球,37,36
可爱啾啾发型,37,32
呆萌鲨气球,37,32
嘻哈帽,37,33
图腾头盔,37,35
圣诞精灵发型(女),37,32
复古圆框眼镜,37,34
大眼星人面饰,37,35
太阳光辉气球,37,34
太阳神历气球,37,32
奇奇特制护目镜,37,32
女神橙色喷漆,37,36
守卫者面饰,37,36
宝宝橙色喷漆,37,?
宝宝的钢发箍,37,33
密林之子发型,37,36
寒冰小屋气球,37,36
小丑气球,37,39/36?
小乖生日气球,37,36
小强生日气球,37,36
小强蓝色喷漆,37,?
小恶魔钢叉,37,41
小熊气球,37,?
小蜜蜂气球,37,36
小雨伞头饰,37,36
巅峰科技气球,37,36
布朗熊气球,37,34
布莱恩狮子喷漆,37,36
布莱恩紫色喷漆,37,36
布莱恩绿色喷漆,37,35
布莱恩青绿色喷漆,37,?
年兽面饰,37,34
幻光魅影发型(男),37,32
幽灵南瓜气球,37,34
开拓者头饰,37,34
微信专属发型,37,35
心悦专属气球,37,32
必胜客气球,37,36
怀旧皮蛋气球,37,33
情意圆圆护目镜,37,36
战争之影气球,37,32
战斧气球,37,35
手Q女孩帽,37,?
探险女郎发型,37,35
斗牛犬眼罩,37,32
旅行箱气球,37,35
无限头饰,37,33
日式饭团气球,37,35
时空猎人发型,37,33
星绿手套气球,37,34
晕晕眼,37,34
月熙紫色喷漆,37,36
极速轮胎气球,37,32
梦想成真气球,37,36
棒棒糖气球,37,33
棕色渔夫帽,37,34
欢乐寻宝气球,37,35
正义之徽头饰,37,32
正义牛仔帽(女)[2],37,36?
正义牛仔帽(男)[1],37,34?
毫无鸭力头饰,37,41
水兵睡帽,37,32
汤圆发箍,37,35
洛基绿色喷漆,37,35
海星面饰,37,33
海螺气球,37,33
游乐园发型,37,32
激光头饰,37,34
灵动少女发型,37,33
燃擎一夏发型(男),37,36
燃擎一夏头盔,37,33
燃擎乐园手杖,37,36
爱德华头饰,37,36
牛魔王头饰,37,34
牵缘钻戒头饰,37,34
特种部队头盔,37,36
猩红之角头饰,37,34
玄武气球,37,34
玩具企鹅帽(男),37,38
环球马拉松面饰,37,33
百战先锋气球,37,32
皮蛋生日气球,37,32
真实之眼,37,32
碧波龙女发饰,37,32
磨菇气球,37,?
禁止超越帽,37,36
福娃发髻,37,34
突击者头饰,37,32
章鱼气球[3D],37,35
童年花苞头,37,35
粉色心动帽(男),37,36
粉色毛线帽,37,32
粉色鸳鸯气球,37,36
糖糖绿色喷漆,37,?
红带铜牌气球,37,35
纸杯蛋糕发饰(男),37,40
绿色心形气球,37,33
绿芽头饰,37,36
缤纷圣诞树气球,37,37
羽蛇权杖,37,33
老虎气球,37,34
胖墩季夏喷漆,37,41
胖墩青绿色喷漆,37,34
胜之队赛车帽,37,?
腾讯新闻气球,37,35
航海家的三角帽,37,36
茜茜青绿色喷漆,37,?
茱萸头饰,37,32
莎莉头饰,37,35
莲花气球,37,35
蓝带银牌气球,37,35
蘑菇气球,37,32
虎头帽(男),37,32
街舞少年头饰,37,32
西瓜气球,37,33
观察者头饰,37,35
财神官帽,37,33
财神气球,37,36
超越未来头饰,37,32
踏春行气球,37,34
轻音漫舞头饰,37,33
逐星者面饰,37,?
部落猎手发型(女),37,33
醒狮面具,37,33
长盛之花手杖,37,35
闪电气球,37,33
阳光夏日发型,37,33
阿狸气球,37,34
陨石气球,37,36
雪人头饰,37,33
雯雯紫色喷漆,37,36
雯雯绿色喷漆,37,?
雯雯蓝色喷漆,37,32
青蛙王子气球,37,39
魔怪头饰,37,32
魔龙面具,37,32
鸭鸭帽,37,37
鸳鸯手杖,37,33
鸳鸯软帽(女),37,36
黄星星气球,37,35
黄金便便帽,37,33
黑妞季秋喷漆,37,36
黑妞红色喷漆,37,?
黑带银牌气球,37,34
黑帮教父眼镜,37,35
5.1气球,36,?
LF联谊头饰,36,?
LF闺蜜眼镜,36,36
QQ音乐气球,36,34
RP头盔,36,35
S6茶壶气球,36,33
jump气球,36,32
万里挑一气球,36,34
九阴真经气球,36,36
人鱼的鳍饰,36,36
仓鼠面具,36,34
修理师先锋帽(男),36,36
偏分的自然卷(紫),36,34
兜网弹弓,36,34
全民赛气球,36,35
公子的金发冠,36,34
冠军赛头饰,36,36
冰蓝星空长发,36,36
凤冠头饰,36,36
凤翅紫金冠,36,32
凤蝶头饰,36,35
剃鬓的大背头(黄),36,35
卡帕生日喷漆,36,32
可妮兔鸭舌帽,36,35
吉光凤羽面饰,36,36
吉米橙色喷漆,36,36
吉米紫色喷漆,36,36
和谐山丘气球,36,32
圣诞冷杉面具,36,36
圣诞树头饰,36,32
城市马戏团帽,36,34
墓碑气球,36,33
夏日星星眼镜,36,36
夏日清凉双马尾,36,34
外星飞船气球,36,33
夜鹰面具,36,33
大象手杖,36,32
大象气球,36,32
天使之翼头饰,36,35
奇奇橙色喷漆,36,36
奇奇青绿色喷漆,36,?
奥丁紫色喷漆,36,36
女神双鱼喷漆,36,34
奶盖果汁气球,36,39
宇航头盔(女),36,32
宝宝紫色喷漆,36,36
小乖春分喷漆,36,33
小强绿色喷漆,36,?
小悟空的金箍棒,36,36
小狐狸气球,36,34
小蛋糕气球,36,40
小魔女发型,36,36
小魔女发饰,36,34
工头绿色喷漆,36,35
希腊女神发型,36,32
平安夜之星帽饰,36,32
幼稚园帽(女),36,36
异瞳绿色喷漆,36,?
微信搜一搜气球,36,33
心心相印发箍,36,33
必胜骑手帽,36,33
感恩火鸡帽(女),36,35
手Q专属发型,36,?
探险队长发型,36,32
旅行飞机气球,36,35
日影白羊喷漆,36,34
星星捕虫网,36,35
星星眼面饰,36,34
星黑手套气球,36,35
春游帽,36,33
暗夜头饰,36,34
月光华尔兹气球,36,36
朝花夕拾发饰,36,35
未来面饰,36,32
机械安全锤,36,35
极地企鹅气球,36,36
极地毛线帽(男),36,34
极限挑战发型(女),36,35
桃枝手杖,36,35
橘猫眼罩,36,34
欢乐摩天轮气球,36,35
正义牛仔帽(女)[1],36,36?
民国探宝墨镜,36,33
法典气球,36,33
波板糖发箍,36,34
测试员发型,36,32
海神三叉戟,36,35
游乐场气球,36,32
溜溜手杖,36,33
满天星发饰,36,35
燃擎一夏手杖,36,33
燃擎一夏皇冠,36,36
燃擎一夏面饰,36,34
燃擎季头盔,36,33
燃烧炮弹气球,36,34
燎原狱火面饰,36,33
燧发枪手持,36,34
爱玩NO.1新年帽,36,32
牛魔锤杖,36,36
狂鲨气球,36,32
猫耳眼镜,36,38
环球马拉松气球,36,36
甜蜜爱恋气球,36,36
白羊肚手巾,36,36
百叶窗眼镜,36,35
皮蛋仲冬喷漆,36,36
皮蛋橙色喷漆,36,?
礼花弹,36,?
秘银宝冠,36,35
空投补给头饰,36,34
突袭者爆炸头,36,34
竹编蟋蟀手持,36,32
粉色心动帽(女),36,35
粽子气球,36,36
精灵花枝手持,36,36
糖果手杖,36,33
红宝石法杖,36,34
红带金牌气球,36,34
红带银牌气球,36,32
红星星气球,36,36
织女的双环髻,36,33
经典校园发型,36,?
绿带金牌气球,36,35
美美橙色喷漆,36,36
翡翠之泪气球,36,35
胖墩手持鸡腿,36,37
胖墩手持鸡退,36,?
胖墩橙色喷漆,36,36
胜之队护目镜,36,?
腾讯地图气球,36,34
舞狮绣球气球,36,35
船长巨蟹喷漆,36,34
船长的三角帽,36,39
船长紫色喷漆,36,36
芭蕉扇,36,32
苏格兰软帽,36,32
茜茜橙色喷漆,36,36
葱头的发型,36,32
葱头谷雨喷漆,36,33
葱头金牛喷漆,36,34
蒲公英手杖,36,35
蓝天白云帽(女),36,33
蓝带金牌气球,36,32
蓝星星气球,36,34
蓝色致谢气球,36,32
蓝色鸳鸯气球,36,33
薄公英手杖,36,?
螺栓面饰,36,35
蟠桃气球,36,34
贝斯特气球,36,32
赛博少女发型,36,33
迪斯欧德手杖(红),36,36
迪斯欧德气球(红),36,32
迪斯欧德面饰(红),36,36
迷幻音符气球,36,32
部落勇士发型,36,34
金榜题名头饰,36,35
雪花头饰,36,36
雯雯双子喷漆,36,36
雯雯橙色喷漆,36,36
青蛙王子头饰,36,37
马戏团面饰,36,37
驯鹿头饰,36,36
骷髅面具,36,?
魔怪气球,36,35
黄带铂金牌气球,36,34
黄带铜牌气球,36,33
黑妞橙色喷漆,36,36
黑妞生日气球[皇冠],36,34
黑带铜牌气球,36,32
黑帮教父礼帽,36,33
黑杰克处女喷漆,36,?
黛丝橙色喷漆,36,41
黛丝紫色喷漆,36,34
冰雪炫光,35,21
极速星球装,35,?
绿色希望服,35,23
蓝色速度装,35,?
黄色辉煌服,35,23
幽灵南瓜背包,34,23
经典校服[2],34,25?
跑跑新生服饰[男],34,22/21?
首席试驾服(女),34,24
爱玩的NO.1服饰,32,?
霸服专属棒球衫,32,?
L3气球,31,?
怀旧手提包气球,31,12
淘气帽,31,12
狗骨头气球,31,15
紫色神秘装,31,25
美味热狗气球,31,15
蔚蓝梦想装,31,21
街头旋律服饰,31,23
一百分气球,30,13
彩虹手套气球,30,16
熊熊气球,30,14
红彤彤眼镜,30,14
红色勇者旗,30,16
红色手套气球,30,12
经典款眼镜,30,15
霸气跆拳道,30,24
黑色手套气球,30,14
黑色自然卷,30,16
功夫跆拳道,29,23
叛逆少女帽,29,16
圆框眼镜,29,12
心悦大佬棒球衫,29,?
惊叹号气球,29,15
晕晕防尘眼镜,29,15
蓝色手套气球,29,15
首席试驾服(男),29,22
鸭鸭气球,29,15
鸭鸭炫光,29,21
暖羊羊头饰,28,12
永恒心动气球,28,16
熊熊炫光,28,23
经典校服[1],28,25?
黄色手套气球,28,16
黑框眼镜,28,13
星星头饰,27,15
水波炫光,27,?
禁止停放气球,27,13
翠绿炫光,27,?
蓝色勇者旗,27,13
街头律动服饰,27,22
跑跑新生发型[女],27,16/15?
跑跑新生服饰[女],27,22/21?
像素马赛克眼镜,26,13
告白跑跑气球,26,13
心形礼盒气球,26,12
教师眼镜,26,14
莫名其妙气球,26,13
跑跑新生发型[男],26,16/15?
爱心糖果气球,25,13
玫瑰礼盒气球,25,14
绿色手套气球,25,13
铅笔头饰,25,12
